﻿<?xml version="1.0" encoding="UTF-8" standalone="yes"?>
<addon id="SealLiveActs" name="Seal Live Acts" version="0.0.1" provider-name="SealMusic">
	<extension point="xbmc.addon.repository" name="SMusic Add-on Repository">
		<info compressed="false">http://raw.github.com/SealMusic/SealLiveActs/master/addons.xml</info>
		<checksum>http://raw.github.com/SealMusic/SealLiveActs/master/addons.xml.md5</checksum>
		<datadir zip="true">http://raw.github.com/SealMusic/SealLiveActs/master/repo/</datadir>
	</extension>
	<extension point="xbmc.addon.metadata">
		<summary>SMusic Addon</summary>
		<description>Addon Description</description>
		<disclaimer></disclaimer>
		<platform>all</platform>
	</extension>
</addon>