﻿<?xml version="1.0" encoding="UTF-8" standalone="yes"?>
<addon id="plugin.video.sealmusic" name="Seal Music Live Acts" version="0.1" provider-name="SealMusic">
  <requires>
    <import addon="xbmc.python" version="2.1.0"/>
    <import addon="script.module.addon.common" version="2.0.0"/>
    <import addon="plugin.video.youtube" />
  </requires>
	
  <extension point="xbmc.python.pluginsource" library="default.py">
    <provides>video</provides>
  </extension>
	
  <extension point="xbmc.addon.metadata">
    <summary lang="en">Seal Music Live Acts</summary>
    <description lang="en">Concertos Ao Vivo Nacionais e Internacionais.
Segue-me no YouTube: "https://www.youtube.com/channel/UC1RzK2_Ebk8bQ5A9H2PiT0g"
Ou no facebook: "https://www.facebook.com/ifjpinto"
Email: "addonsseal@gmail.com"
Nota Importante: Aconselhado a ultima versao do youtube 5.20.0.6.</description>
    <platform>all</platform>
    <forum></forum>
    <website></website>
  </extension>
</addon>
